ID,Fecha,Evento,Tipo,Descripción,Región,Provincia,Distrito,Muertos,Latitud,Longitud,Url_imagen,Url_externo
1,17 de mayo de 1980,Atentado de Chuschi,Atentado,"El grupo de Sendero Luminoso ingresaron a punta de pistola a las oficinas del Registro Electoral y procedieron a quemar las ánforas electorales y cédulas de sufragio que iban a ser usados en la elecciones presidenciales al día siguiente. El suceso recibió muy poca atención en la prensa peruana, los medios que informaron atribuyeron el hecho a un grupo de revoltosos.",Ayacucho,Cangallo,Chuschi,0,-13.583333,-74.350000,https://trome.com/resizer/nP4Jt50Hb67AuiULSD9OA51RF_g=/580x330/smart/filters:format(jpeg):quality(75)/cloudfront-us-east-1.images.arcpublishing.com/elcomercio/32CVRAXCJFAWJGO6F5MKLYJDIQ.jpg,https://trome.com/actualidad/politica/sendero-luminoso-hace-41-anos-se-inicio-la-escalada-terrorista-con-el-atentado-al-registro-electoral-de-chuschi-ayacucho-fotos-nczp-noticia/
2,19 de julio de 1980,Robo de armas,Robo,"Asaltan la mina Benito Melgarejo, en Ayacucho y se llevan 1520 cartuchos de dinamita.",Ayacucho,,,0,-13.163056,-74.224444,,
3,24 de diciembre de 1980,Asesinato en el fundo San Agustín de Ayzarca,Asesinato,Senderistas torturan y asesinan al propietario del fundo ayacuchano San Agustín de Ayzarca de Pomatambo-Vilcashuamán.,Ayacucho,Vilcashuamán,Vilcashuamán,1,-13.646000,-73.866694,,
4,22 de enero de 1981,Asesinato de Mitma Reyes,Asesinato,"Según las versiones policiales, se produce un enfrentamiento con una célula terrorista en la localidad de Mollebamba en la provincia ayacuchana Cangallo y como resultado queda muerto uno de los terroristas más buscados en la zona, Raymundo Mitma Reyes, de 31 años. Posteriormente, los comuneros denuncian que la muerte de Mitma Reyes se produjo en circunstancias totalmente distintas. Según esta versión, una patrulla de sinchis llega a la comunidad en horas de la madrugada y obliga a los pobladores a tirarse al suelo con las manos en la nuca y en medio de maltratos. Mitma se incorpora para protestar y uno de los policías le dispara y le causa la muerte.",Ayacucho,Cangallo,Cangallo,1,-13.608556,-74.154500,,
5,11 de octubre de 1981,Ataque a puesto policial en El Tambo,Ataque,"Cincuenta senderistas asaltaron el puesto policial del distrito de El Tambo, ocasionando la muerte de miembros de las fuerzas del orden y apoderándose del armamento que encontraron en tal dependencia.",Ayacucho,La Mar,El Tambo,6,-12.94817,-74.02066,https://s3.amazonaws.com/s3.timetoast.com/public/uploads/photo/19398912/image/medium-44907617a2c35735e4c3b25559a7c3e5.jpg?X-Amz-Algorithm=AWS4-HMAC-SHA256&X-Amz-Credential=AKIAJB6ZCNNAN7BE7WDQ%2F20240119%2Fus-east-1%2Fs3%2Faws4_request&X-Amz-Date=20240119T151208Z&X-Amz-Expires=604800&X-Amz-SignedHeaders=host&X-Amz-Signature=a2705ec1c5d268c326ba6331324ddfece6a3478e0efe4522617f78024df82eb3,
6,3 de marzo de 1982,Asalto a la Cárcel de Ayacucho,Asalto,"Sendero Luminoso atacó el Centro Penitenciario de Huamanga para liberar a reclusos pertenecientes a dicha organización terrorista, Fueron liberando más de 70 senderistas y 254 presos se escaparon del penal.",Ayacucho,Huamanga,Ayacucho,14,-13.166667,-74.216667,https://d1ts5g4ys243sh.cloudfront.net/proyectos_especiales_prod/especiales/principales-atentados-sendero-luminoso-ecpm/img/carcel.jpg,https://cedoc.sisbib.unmsm.edu.pe/public/pdf/gorriti/Subfondo_%20INFORMES%20Y%20OFICIOS/Serie_%20MINISTERIO%20DEL%20INTERIOR/Subserie_%20GUARDIA%20CIVIL/4.2.1.36.pdf
7,24 de julio de 1982,Dinamitan la Municipalidad de San Juan Bautista,Atentado,"Un grupo de 15 encapuchados dinamitaron la parte frontal de la Municipalidad de San Juan Bautista, en represalia por la muerte del terrorista Bernabé Rodriguez Ramírez, acto seguido del atentado, los terroristas hicieron arengas y vivas a la lucha armada",Ayacucho,Huamanga,San Juan Bautista,0,-13.165886,-74.223632,https://lum.cultura.pe/cdi/sites/default/files/articulo/fotos/236.jpg,https://lum.cultura.pe/cdi/periodico/dinamitan-municipio-en-ayacucho
8,2 de agosto de 1982,Asalto a la hacienda Allpachaca,Asalto,"Más de un centenar de individuos armados asaltan la hacienda Allpachaca, durante 4 horas, los atacantes ocupan este gran centro experimental, ubicado a 72 kilómetros al suroeste de la ciudad de Ayacucho, donde se desarrollaban cultivos andinos, estudios de ganado lechero y carne. Tras reducir a obreros y empleados, dejan cuantiosas pérdidas; incendian establos, matan 4 toros reproductores y 25 vacas lecheras, y destruyen depósitos.",Ayacucho,Huamanga,San Jose de Ticllas,0,-13.139861,-74.359278,,
9,12 de agosto de 1982,Asalto a la hacienda Illicancha,Asalto,"Asaltan la hacienda Illicancha en San Miguel, Huanta en Ayacucho, causando destrozos y sacrificando reses.",Ayacucho,Huanta,,0,-12.928661,-74.242134,,
10,22 de agosto de 1982,Ataque al puesto de la Guardia Civil ,Ataque,Un grupo de senderistas ataca el puesto de la Guardia Civil en Vilcashuamán. El enfrentamiento dura unas 5 horas; fallecen 7 policías y aproximadamente 30 atacantes. Por primera vez da la impresión de haberse iniciado una guerra civil en los Andes.,Ayacucho,Vilcashuamán,,37,-13.653056,-73.953861,https://cedoc.sisbib.unmsm.edu.pe/public/img/biblioteca_digital/coleccion_documental/portadas_individuales/144.jpg,https://lum.cultura.pe/cdi/sites/default/files/historieta/pdf/images%20%282%29.compressed__%28p14-30%29_0.PDF
11,2 de septiembre de 1982,Asesinato en Huanta,Asesinato,"Un guardia republicano es asesinado a tiros en el jirón Razuhuillca, en Huanta, Ayacucho",Ayacucho,Huanta,Huanta,1,-12.935667,-74.220000,,
12,20 de octubre de 1982,Toma del colegio Nuestra Señora de las Mercedes,Toma,"Un grupo de subersivos irrumpió en el Centro Educativo ""Nuestra Señora de las Mercedes"" armados y con el rostro cubierto. Lanzaron arengas a los estudiantes para que se unan a la lucha armada y repartieron propaganda subversiva",Ayacucho,Huamanga,Andrés Avelino Cáceres Dorregaray,0,-13.157826,-74.205838,https://lum.cultura.pe/cdi/sites/default/files/articulo/fotos/Cargas%20de%20dinamita.jpg,https://lum.cultura.pe/cdi/periodico/terroristas-toman-ce-y-reparten-propaganda-subversiva-en-ayacucho
13,2 de enero de 1983,Asesinato de un teniente alcalde acciopopulista,Asesinato,"Sendero Luminoso asesina al teniente alcalde de Huamanga, Ayacucho, Víctor Raul Tapahuasco, del partido Acción Popular.",Ayacucho,,,1,-13.160858,-74.225144,,
14,8 de enero de 1983,Explosivos en la ciudad de Ayacucho,Atentado,Sendero Luminoso llama a la población ayacuchana a realizar un paro de 24 horas. Detonan explosivos en el mercado y la Plaza de Armas de Ayacucho. Se reparten volantes.,Ayacucho,Huamanga,Ayacucho,0,-13.160361,-74.225889,,
15,3 de abril de 1983,Masacre de Lucanamarca,Masacre,"Un contingente de 60 militantes de Sendero Luminoso irrumpió en la provincia de Huanca Sancos, en los pueblos de Yanaccollpa, Ataccara, Llacchua, Muylacruz y Lucanamarca, en el Departamento de Ayacucho, matando a 69 campesinos. La mayoría de las víctimas murieron por heridas de machete y hacha, y algunos recibieron disparos a corta distancia en la cabeza.Los miembros de Sendero Luminoso también quemaron a los pobladores con agua hirviendo. Fue la primera masacre del senderismo contra una comunidad campesina, al parecer en represalia porque unos ronderos lincharon a un terrorista en Lucanamarca.",Ayacucho,Huanca Sancos,Santiago de Lucanamarca,69,-13.843556,-74.372278,https://d1ts5g4ys243sh.cloudfront.net/proyectos_especiales_prod/especiales/principales-atentados-sendero-luminoso-ecpm/img/lucanamarca-3.jpg,https://www.youtube.com/watch?v=6890LwpDUl4
16,21 de mayo de 1983,Asesinato en Canchacancha,Asesinato,"Un grupo conformado por más de 100 militantes del PCP-Sendero Luminoso incursionó en Canchacancha profiriendo gritos alusivos a la “lucha armada”, realizando disparos con armas de fuego, lanzando explosivos y amenazando con destruir la comunidad sino se producía una inmediata rendición. Además de incendiar gran parte del lugar, los subversivos asesinaron a 5 personas y causaron serias lesiones a otras 4.",Ayacucho,Cangallo,Chuschi,5,-13.605833,-74.313167,https://cedoc.sisbib.unmsm.edu.pe/public/img/biblioteca_digital/coleccion_documental/portadas_individuales/149.jpg,https://www.cverdad.org.pe/ifinal/pdf/TOMO%20VII/Casos%20Ilustrativos-UIE/2.4.%20CANCHA%20CANCHA.pdf
17,21 de mayo de 1983,Batalla en Sacsamarca,Batalla,"A inicios de 1983, Sendero Luminoso había tomado control de la zona sur del departamento y arrasó contra Huanca Sancos y Lucanamarca, vecinas de Sacsamarca. El 20 de mayo de 1983, cuatro policías llegaron a esa jurisdicción, aunque no como parte de un plan, y las autoridades les rogaron que se quedaran porque no había un puesto policial. Los comuneros les prepararon una cena y, al día siguiente, los agentes seguirían su ruta, pero al amanecer, Víctor Auccasi, un vecino de la zona alta, llegó corriendo a la plaza, herido, casi desnudo, lleno de miedo, para avisar de que unos 200 subversivos estaban en su estancia, en las alturas, a punto de atacar al pueblo. Entonces, ocurrió una batalla de varias horas en la que murieron en combate 10 miembros de la comunidad.",Ayacucho,Huanca Sancos,Sacsamarca,10,-13.942811, -74.312550,https://cdn01.pucp.education/idehpucp/wp-content/uploads/2018/05/23151903/jfowks_sacsamarca_21mayo2018-599x427.jpeg,https://idehpucp.pucp.edu.pe/notas-informativas/sacsamarca-recuerda-la-batalla-que-gano-hace-35-anos-a-sendero-luminoso/
18,10 de noviembre de 1983,Asesinato en Cabana,Asesinato,"En Cabana, Lucanamarca, provincia de Ayacucho, ocho profesores son asesinados por Sendero Luminoso. Según versiones obtenidas por testigos de la masacre, los profesores fueron sacados de sus casas y llevados a la plaza pública, donde fueron asesinados delante de los pobladores.",Ayacucho,Cabana,Lucanas,8,-14.288611,-73.967111,https://lum.cultura.pe/cdi/sites/default/files/articulo/fotos/656.jpg,https://lum.cultura.pe/cdi/periodico/confirman-asesinato-de-8-profesores-por-senderistas
19,16 de julio de 1984,Masacre de Soras,Masacre,"Sendero Luminoso consumó la mayor masacre de su historia, asesinando a 117 personas, entre hombres, mujeres y niños, Tras apoderarse del bus y asesinar a los pasajeros, los senderistas continuaron con la ruta habitual de la empresa de transportes, pasando por las localidades de Challapuquio, Badopampa, Doce Corral, Chaupihuasi y Tranca. En cada parada, los senderistas fueron asesinando a diferentes personas, cuyos nombres estaban en una lista, hasta llegar a Soras. Al llegar a Soras iniciaron la matanza contra las autoridades comunales que se encontraban en la plaza principal, En la pared del municipio dejaron escrito con sangre que decía “Así mueren los soplones”. Esta acción terrorista fue en represalia a la decisión de las autoridades campesinas de Soras, Larcay, Matarca, Atihuara, Paucaray, Paico, Sihue y Llancca, quienes acordaron enfrentar juntos a este grupo terrorista que atentaba contra sus comunidades y ponía en riesgo la tranquilidad de su población.",Ayacucho,Sucre,Soras,117,-14.114582,-73.604112,https://cdn01.pucp.education/idehpucp/wp-content/uploads/2022/07/19113248/imagen_2022-07-19_063244840.png,https://idehpucp.pucp.edu.pe/analisis1/soras-38-anos-de-heridas-abiertas/
20,25 de diciembre de 1984,Masacre de Navidad,Masacre,"El 25 de diciembre de 1984 Sendero Luminoso asesino a 40 personas en la comunidad indígena de Putka, más de la mitad de ellos niños, murieron asesinados en una cueva.",Ayacucho,Huanta,Santillana,40,-12.752358,-74.247816,https://img.europapress.es/fotoweb/fotonoticia_20190930160032-1252049_640.jpg,https://www.europapress.es/internacional/noticia-victimas-masacre-navidad-peru-descansan-finalmente-paz-20190930160032.html
21,1 de enero de 1985,Ataque a puesto policial de la Concepción,Ataque,Un grupo de senderistas atacaron el puesto policial del distrito de Concepción e hirieron de gravedad a dos policías.,Ayacucho,Vilcashuamán,Concepción,0,	-13.53278,-73.875097,https://lum.cultura.pe/cdi/sites/default/files/articulo/fotos/127_0.jpg,https://lum.cultura.pe/cdi/periodico/100-terroristas-atacan-comisaria
22,13 de agosto de 1985,Toma del colegio Gonzales Vigil,Toma,"Durante la madrugada, un grupo de 20 senderistas tomaron por asalto el colegio estatal “Gonzales Vigil”. Luego de maniatar a los tres guardianes del local, pintaron las paredes con lemas subversivos dirigido a los del Ejército y la Marina",Ayacucho,Huanta,Huanta,0,	-12.939722,-74.2475,https://lum.cultura.pe/cdi/sites/default/files/articulo/fotos/1055.jpg,https://lum.cultura.pe/cdi/periodico/terroristas-tomaron-un-colegio-ayacucho
23,16 de febrero de 1987,Asesinato en Pampacancha,Asesinato,"Cerca de cincuenta senderistas disfrazados con uniformes de infantes de Marina atacaron la comunidad de Pampacancha durante la madrugada. Ingresaron a los domicilios y obligaron a los habitantes a presenciar un ""juicio popular"" en contra de cuatro campesinos, quienes fueron asesinados.",Ayacucho,Huanta,Huanta,4,	-12.939722,-74.2475,https://lum.cultura.pe/cdi/sites/default/files/articulo/fotos/001641_0.jpg,https://lum.cultura.pe/cdi/periodico/vestidos-de-marinos-matan-4-campesinos-0
24,17 de febrero de 1987,Masacre en la comunidad de Roqchas,Masacre,"20 miembros del PCP-SL entraron a la casa de Alfonso Condemayta, lo interrogaron y lo golpearon hasta matarlo. Quemaron las casas vecinas y luego volvieron para quemar la casa de la víctima. Sin embargo, uno de los senderistas ordenó apagar el fuego y amenazó a la esposa de la víctima para que no dijera nada. Se retiraron dando vivas a la lucha armada, llevándose pertenencias y ganado. Esa misma noche, 150 miembros del PCP-SL entraron a la comunidad dando muerte a varios pobladores. ",Ayacucho,La Mar,San Miguel,15,-13.013638,-73.980659,https://lum.cultura.pe/cdi/periodico/terroristas-matan-8-campesinos,https://lum.cultura.pe/cdi/periodico/terroristas-matan-8-campesinos
25,3 de marzo de 1987,Apagón y explosivos en Ayacucho,Apagón,Miembros del PCP-SL celebraron el quinto aniversario del asalto a la cárcel de Ayacucho causando apagón y lanzando explosivos en diferentes áreas de la ciudad.,Ayacucho,Huamanga,Ayacucho,0,-13.163056,-74.224444,https://lum.cultura.pe/cdi/sites/default/files/articulo/fotos/001850.jpg,https://cedoc.sisbib.unmsm.edu.pe/public/pdf/gorriti/Subfondo_%20VOLANTES/Serie_%20VOLANTES%20POL%C3%8DTICO-MILITARES/2.3.44.pdf
26,14 de abril de 1987,Apagón previo a Semana Santa,Apagón,"En la madrugrada, senderistas derribaron torres de alta tensión emplenado una sierra eléctrica y dejaron en tinieblas a Ayacucho y Huanta previo a las celebraciones de Semana Santa.",Ayacucho,Huamanga,Ayacucho,0,-13.160361,-74.225889,https://lum.cultura.pe/cdi/sites/default/files/articulo/fotos/002286b.jpg,https://lum.cultura.pe/cdi/periodico/vuelan-torres-y-dejan-en-tinieblas-ayacucho-y-huanta
27,19 de marzo de 1987,Asesinato de Alfredo Mendoza Salazar,Asesinato,"Cuatro miembros del PCP-SL ingresaron al colegio secundario de menores de San Ramón, amenazaron de muerte a la secretaria y asesinaron al director del plantel Alfredo Mendoza Salazar. En el lugar los senderistas dejaron un cartel con la siguiente inscripción: <<así mueren los apristas, por cada prisionero de guerra asesinado en el Frontón, Lurigancho, moriran 10 apristas. ¡Viva el presiente Gonzalo!¡viva el PCP!. Desarrollar la guerra popular sirviendo a la revolución mundial. ¡Resistencia y heroicidad! ¡Alan genocida, facista, corporativo, reaccionario pro imperialista!>>",Ayacucho,Huamanga,Ayacucho,1,-13.160278,-74.225833,https://lum.cultura.pe/cdi/sites/default/files/articulo/fotos/001987a1-1.jpg ,https://lum.cultura.pe/cdi/periodico/presuntos-sediciosos-asesinan-director-de-cen-ayacuchano
28,15 de abril de 1987,Asesinato del acalde Andrés Porras,Asesinato,"En el distrito de Iguain, mientras regresaba a Macachacra, Andrés Porras Mallqui, alcalde de este distrito por el APRA, fue asesinado por presuntos miembros del PCP-SL. El asesinato ocurrió en el lugar denominado Huayhuas, en la carretera Huanta-Masachacra, camino por el que transitaba la víctima.",Ayacucho,Huanta,Iguaín,1,-12.992694,-74.208778,https://pbs.twimg.com/media/Ftx9Ej-XsAAAKNI?format=jpg&name=large,https://lum.cultura.pe/cdi/periodico/secuestran-y-asesinan-alcalde-pap
29,3 de agosto de 1987,Burro bomba en Macachacra,Atentado,"Un burro-bomba explota en la Plaza de Armas de la localidad de Macachacra, Huanta, en Ayacucho, en momentos en que se realizaba el izamiento del pabellón nacional.",Ayacucho,Huanta,Iguaín,0,-12.992694,-74.208778,,
30,13 de agosto de 1987,Asesinato en Vilcashuamán a burócratas,Asesinato,"En Vilcashuamán, asesinan al asesor legal del Ministerio de Agricultura, Arturo Morales, y al jefe del Centro Médico, Demetrio Noga.",Ayacucho,Vilcashuamán,,1,-13.653098,-73.953890,,
31,6 de septiembre de 1987,Asesinato en Viracochan,Asesinato,"Asesinan a 22 campesinos en el poblado de Viracochan, Huanta en Ayacucho",Ayacucho,Huanta,Ayahuanco,22,-12.594055,-74.330183,,
32,8 de septiembre de 1987,Asesinato en San José de Secce,Asesinato,"En el poblado de San José de Secce, Huanta, asesinan a 15 pobladores ""por no colaborar"" con Sendero Luminoso.",Ayacucho,Huanta,Santillana,15,-12.766156,-74.252912,,
33,10 de diciembre de 1987,Asesinato en Chilcas,Asesinato,"En la madrugada del jueves 10 de diciembre y vestidos con el unifore del Ejército, miembros de Sendero Luminoso asesinaron a más de 23 personas, entre ellos a autoridades, al lider de la ronda campesina del pueblo Rumi-Rumi, al lider de la asociación de padres de famila y a diversas personas. Luego de despertador a la comunidad, los juntaron en la plaza principal y llevaron a un grupo al colegio de la zona, donde terminarían siendo asesinados.  Además de las muertes, los senderistas saquearon viviendas y mataron a vairos animales como carneros y gallinas.",Ayacucho,La Mar,Chilcas,23+,-13.1684564,-73.8487876,https://lum.cultura.pe/cdi/sites/default/files/articulo/fotos/87-0057c.jpg,https://lum.cultura.pe/cdi/periodico/senderistas-asesinaron-25-personas-en-la-mar
34,10 de septiembre de 1987,Asesinato en Valle de San Francisco,Asesinato,"Un grupo de senderistas incursiona en la Valle de San Francisco, La Mar (Ayacucho), y mata a 5 campesinos.",Ayacucho,La Mar,Ayna,5,-12.628230,-73.787625,,
35,11 de diciembre de 1989,Masacre en Pacchas,Masacre,"En la madrugada del 11 de diciembre de 1989 un grupo de aproximadamente 200 senderistas irrumpió en Paccha. Los miembros de la columna ingresaron a las viviendas de los comuneros, atando a los hombres de la comunidad, golpeándolos y conduciéndolos a la plaza, sin atender a las súplicas de las mujeres y los niños. El presidente de la comunidad, Esteban Chumbez López, Faustino Jayo López y Julián Blas López fueron humillados, torturados y asesinados, al igual que al menos otras diecinueve personas.",Ayacucho,Huamanga,Vichos,22,-13.207750,-74.407306,https://lum.cultura.pe/cdi/sites/default/files/styles/margen_derecha/public/fotografia/fotos/0102011101003-min.jpg?itok=Nc9dXMeU,https://www.youtube.com/watch?v=AF3SxealY6g